Fecha,Gasolina regular,Gasolina superior,Diesel,Gas licuado de petr√≥leo
2000-01-01,202645.2,308156.82,634667.06,194410.47619047613
2000-02-01,205530.96,307766.31,642380.66,174710.55238095237
2000-03-01,229499.56,331910.29,699807.25,189234.06666666668
2000-04-01,210680.4,315648.08,586803.98,174330.60714285713
2000-05-01,208164.34,319667.97,656948.2,191745.14761904764
2000-06-01,195088.74,300347.7,570919.88,196321.9333333333
2000-07-01,204556.77,308305.93,576436.02,192344.5023809524
2000-08-01,218388.51,323011.86,593770.77,203727.08095238093
2000-09-01,213906.96,326455.72,590145.4,194565.0976190476
2000-10-01,213606.65,323843.63,641113.36,210261.82619047625
2000-11-01,209227.48,320788.08,657086.3,205027.95261904763
2000-12-01,230020.7,366987.56,673282.26,200247.555
2001-01-01,164547.3516666666,300242.7816666665,569328.7870238096,179405.99027777778
2001-02-01,174838.8116666666,301483.401666666,597749.8317857146,167818.1378968254
2001-03-01,201992.6516666666,355572.831666666,736085.9732142859,186397.3259920635
2001-04-01,198683.3916666666,355826.761666666,606257.6589285719,175820.34503968255
2001-05-01,182504.09166666665,336040.041666666,664082.6575,178303.33075396824
2001-06-01,201379.4816666666,308804.7016666665,559333.0336904764,177826.92837301586
2001-07-01,214980.2416666666,350501.971666667,589452.7346428575,191041.99027777772
2001-08-01,204646.771666667,348414.6516666665,568546.3746428574,190295.99027777772
2001-09-01,188292.3516666666,324393.9616666665,533108.3946428574,184039.99027777772
2001-10-01,225240.9516666666,366261.631666666,603371.1846428574,206176.99027777772
2001-11-01,210324.9516666666,351890.631666666,626156.1846428574,201335.99027777772
2001-12-01,223209.9516666666,403561.631666666,664190.1846428574,209792.99027777772
2002-01-01,200309.85166666663,368935.52583333326,726672.5991666663,196068.6087301588
2002-02-01,183119.34166666665,348917.78583333327,694344.7791666662,180209.8015873016
2002-03-01,212711.71166666664,385044.96583333326,656379.2891666662,186680.96587301587
2002-04-01,204765.62166666664,379741.9758333333,683646.1691666662,196167.1611111111
2002-05-01,201083.51166666663,375054.6358333333,707165.4691666663,201612.35634920635
2002-06-01,187629.42166666663,371138.58583333326,667820.7091666663,193024.3992063492
2002-07-01,201692.64166666663,399944.64583333326,656761.5991666663,204196.24444444448
2002-08-01,205240.77166666664,392355.6158333333,657099.7391666662,213625.4325396825
2002-09-01,177614.80166666664,347191.43583333323,653664.5991666663,209849.7587301588
2002-10-01,203097.24166666664,381595.1958333333,653053.2691666662,212932.32777777783
2002-11-01,207629.81166666665,384334.21583333326,671401.3291666663,210000.54682539683
2002-12-01,199619.27166666664,400645.4158333333,676192.4491666663,223830.39682539683
2003-01-01,193713.62,376516.58,769843.3,213268.97857142857
2003-02-01,184354.61,355760.81,709783.58,206815.0119047619
2003-03-01,201443.37,361880.87,786484.49,216427.95
2003-04-01,219004.3125,377395.17,709626.3875,204403.5119047619
2003-05-01,200407.18,390624.27,755982.05,216452.7521428572
2003-06-01,168327.72,346941.84,641540.08,212069.04047619048
2003-07-01,174317.57,377178.84,631704.12,231172.01428571428
2003-08-01,171665.05,355682.72,613428.55,222312.7071428572
2003-09-01,174757.95,348659.02,582989.47,225703.05
2003-10-01,209314.45,392041.78,722763.6,239665.04285714283
2003-11-01,168510.0,330640.23,639828.39,229612.3547619048
2003-12-01,196081.99,391327.66,652872.45,247544.63809523807
2004-01-01,203975.57,381547.72,656987.4,235284.96571428573
2004-02-01,180290.24,339576.46,659540.43,213288.6833333333
2004-03-01,206455.62,379687.46,746236.84,233426.35476190475
2004-04-01,182379.92,357595.81,633766.06,217530.87619047612
2004-05-01,160741.9,322596.73,556369.7,225959.0502380952
2004-06-01,164782.5,318811.5,560393.48,225673.46404761905
2004-07-01,182642.41,346413.66,583098.546,243064.0728571429
2004-08-01,207432.8,390304.28,699610.8,236324.7680952381
2004-09-01,194240.55,364689.84,612639.57,225204.18023809523
2004-10-01,200323.53,380441.55,619084.79,229626.0583333333
2004-11-01,214509.65,378498.6,705298.16,225593.82309523807
2004-12-01,236733.03,429109.1,761864.3,241915.00523809527
2005-01-01,209901.6,321382.14,724692.36,227154.9697619048
2005-02-01,198775.61,375768.83,717116.77,211814.3759523809
2005-03-01,231358.58,410241.928,802139.58,224387.0283333333
2005-04-01,225644.89,389737.16,803996.93,218555.20642857143
2005-05-01,187048.26,343762.52,715360.44,230568.15238095235
2005-06-01,202161.79,351906.82,681743.36,223151.2595238096
2005-07-01,213821.77,389172.65,678614.47,236140.07857142857
2005-08-01,212696.38,396871.12,693681.13,242734.7404761905
2005-09-01,196776.87,378887.62,666258.37,223283.86904761905
2005-10-01,192270.24,328052.56,589830.24,213139.58095238096
2005-11-01,185251.12,360869.14,701255.47,222988.52619047617
2005-12-01,241035.13,448688.52,775027.2,225410.42904761905
2006-01-01,211152.72,382078.88,750946.36,217867.3095238096
2006-02-01,200551.4,367944.25,734530.76,212328.6071428572
2006-03-01,233082.86,427567.58,875047.29,232405.3571428572
2006-04-01,223479.45,392050.29,711185.23,207612.26904761905
2006-05-01,222710.9,379832.55,734289.15,232489.8333333333
2006-06-01,196511.22,364359.35,672428.87,236563.8285714285
2006-07-01,210255.7,392252.91,684438.7,239767.8547619048
2006-08-01,211202.14,394585.28,707219.69,245672.01666666663
2006-09-01,204369.99,382724.97,650791.38,256040.1023809524
2006-10-01,203061.39,400793.81,683543.13,238514.63333333333
2006-11-01,205541.91,401922.57,739181.99,228417.4380952381
2006-12-01,233936.83,454373.13,776330.26,236333.1119047619
2007-01-01,216560.79,418412.86,810372.66,217344.65595238097
2007-02-01,204991.91,401425.14,799394.6,211149.3607142857
2007-03-01,239019.91,454731.09,956680.19,264115.98333333334
2007-04-01,217536.23,403732.56,758988.58,224818.87619047612
2007-05-01,224400.73,426414.71,811703.69,259749.48095238092
2007-06-01,217473.91,390991.36,720896.77,244505.28333333333
2007-07-01,219874.23,416497.41,721550.61,261555.62142857144
2007-08-01,236565.57,411088.53,736620.9,267634.12142857147
2007-09-01,207241.84,390568.99,669587.88,254081.7585714285
2007-10-01,224750.77,419001.81,738702.86,264936.6595238095
2007-11-01,218116.79,417490.77,779547.05,250108.611904762
2007-12-01,252394.11428571423,438542.7933333333,768886.87,253659.5285714286
2008-01-01,213645.39,403266.74,797668.91,252508.3333333333
2008-02-01,215873.67,407735.55,794000.25,241978.0833333333
2008-03-01,233761.07,424157.28,776026.79,247679.0380952381
2008-04-01,233687.28,399193.53,807725.77,243178.0309523809
2008-05-01,236635.85,390882.63,682326.18,240798.45952380952
2008-06-01,200656.57,337464.32,507662.65,242422.57142857145
2008-07-01,228640.21,374847.05,544399.26,243531.97142857144
2008-08-01,227499.0,378363.76,556174.4,237062.51904761905
2008-09-01,218214.64,367962.73,557802.62,225262.4585714286
2008-10-01,238955.44,386430.4,617863.13,263100.5023809524
2008-11-01,238626.16,375438.69,688104.11,230092.62142857147
2008-12-01,298245.47,463343.73,778953.84,245852.64523809525
2009-01-01,273494.16,424264.5,800526.47,217372.4166666667
2009-02-01,254667.7,424438.71,795050.51,212038.24192799072
2009-03-01,290343.28,434248.69,865981.57,235475.31666666668
2009-04-01,290887.08,454265.4,822109.7400000001,209739.1738095238
2009-05-01,276970.67,432401.49,770687.2799999999,221884.4661904762
2009-06-01,252551.99,393140.38,703815.5499999999,221329.6261904762
2009-07-01,283142.05,435256.09,740868.09,241510.20476190475
2009-08-01,267830.84,409182.96,692376.6999999998,232174.1095238096
2009-09-01,248994.42,420238.71,687435.1000000001,225886.4261904762
2009-10-01,269008.52,421753.29,775739.56,235899.13333333336
2009-11-01,212149.905,391754.81,738678.6499999999,232172.83333333337
2009-12-01,296805.29000000004,449842.29,891670.4099999999,215923.37857142853
2010-01-01,243341.49,389068.41,777741.3400000001,228078.62380952385
2010-02-01,248207.93,391195.69000000006,807692.1,214409.6857142857
2010-03-01,320985.41000000003,465664.59,1017058.18,242081.58571428573
2010-04-01,254872.61,387063.18,762770.0099999999,216150.6666666667
2010-05-01,238903.31,381811.17999999993,721668.1799999999,215523.5380952381
2010-06-01,251896.39,385981.1,683236.54,226415.07380952383
2010-07-01,278700.49,422481.8,721584.6000000001,243063.35
2010-08-01,268917.79,410176.39,695796.3300000001,245908.4166666667
2010-09-01,266975.25,396429.75,687553.88,233404.89523809525
2010-10-01,275031.21,418305.07000000007,745415.5100000001,236852.34523809527
2010-11-01,273452.94,409652.73,785917.4000000001,255841.84523809527
2010-12-01,320807.17,466766.78,843762.0,251825.2047619048
2011-01-01,285089.04000000004,411737.33,850696.7899999999,244328.91428571424
2011-02-01,269301.38,391131.1,819940.5,228478.99523809523
2011-03-01,281453.75,393160.91,900485.91,255792.9166666667
2011-04-01,285598.37,386749.27,797527.23,237582.67619047617
2011-05-01,253277.88,371876.75,803849.5299999999,247975.2761904762
2011-06-01,290137.49000000005,380800.43,729676.79,247082.27619047623
2011-07-01,279283.36,389294.64,718255.06,259033.88809523807
2011-08-01,256380.27,408494.51,699736.08,259688.7428571428
2011-09-01,256728.25000000003,380453.23,660384.9299999999,251882.5357142857
2011-10-01,242071.01,381309.5,672214.9299999999,262255.1380952381
2011-11-01,231413.83,381871.84,794507.24,252218.2142857143
2011-12-01,291678.03,449904.1,862318.7999999999,263892.43333333335
2012-01-01,261933.68,393781.94,814956.7200000001,242524.89857142852
2012-02-01,253733.22,402633.55,848067.2499999999,243810.9523809524
2012-03-01,290286.65,429534.5,925065.27,270906.08380952384
2012-04-01,262615.28,389264.02,792201.73,249493.65857142865
2012-05-01,235374.04,405877.41,771542.4700000001,261657.40666666668
2012-06-01,261012.58,409111.24,712464.94,255333.42619047625
2012-07-01,233061.35,420370.6,699130.0399999999,271101.9361904762
2012-08-01,259165.94,433828.02,716720.36,280184.26857142855
2012-09-01,228205.77,378478.8,632120.3700000001,268875.09523809527
2012-10-01,261347.22,414523.22,728414.8799999999,297829.17404761905
2012-11-01,272657.82,394751.47,812523.4400000001,303422.0123809524
2012-12-01,310407.04,442191.42999999993,848262.93,281757.5619047619
2013-01-01,287985.59,408557.45,863769.4099999999,291843.99761904764
2013-02-01,259659.66,361215.69,808853.9700000001,253221.89285714284
2013-03-01,313075.44999999995,413744.8599999999,898352.2,286869.62142857147
2013-04-01,330070.65,409238.3,966103.92,287216.30333333334
2013-05-01,313131.36,403354.79,827601.25,301770.5254761905
2013-06-01,287596.64,402012.07,775187.12286,275921.36904761905
2013-07-01,314185.61,425154.22,732544.52,292790.10476190475
2013-08-01,288400.67,416968.15,773147.9,282844.3190476191
2013-09-01,249357.42,379479.78,672125.1600000001,278403.4202380952
2013-10-01,314518.72000000003,430179.69,800049.1200000001,285195.0119047619
2013-11-01,306638.45,404692.46,821457.4500000001,253022.22547619048
2013-12-01,339969.85,448135.35,860351.9000000001,282335.4695238095
2014-01-01,312139.77,412617.92999999993,917251.54,288260.8042857143
2014-02-01,312142.65,385430.58,890362.3099999999,304312.1285714286
2014-03-01,335869.63,434863.96,1004937.39,284201.430952381
2014-04-01,349155.3,437470.07,972039.42,250902.8311904762
2014-05-01,332737.37,427487.20000000007,877263.31,305911.84047619044
2014-06-01,303016.82,387299.1,733508.7,285640.4357142857
2014-07-01,344659.64,439137.13,826918.8099999999,289827.59857142856
2014-08-01,326356.06000000006,442953.1,793694.01,272617.59714285715
2014-09-01,371327.13000000006,411466.28,728498.8400000001,271079.5947619048
2014-10-01,343812.67,459922.48,836278.1200000001,337006.14452380955
2014-11-01,343918.56000000006,436467.9,885713.74,303666.7042857143
2014-12-01,464223.15,538899.26,1021378.09,311419.96047619043
2015-01-01,419102.7199999999,503135.7,1014706.21,317220.9128571428
2015-02-01,398167.69000000006,454190.88,980149.84,315364.3633333333
2015-03-01,457246.14,521879.26,1142551.0599999998,338142.3171428571
2015-04-01,413451.11,486779.41,1011167.74,320920.8838095238
2015-05-01,415570.95,483594.8300000001,944316.66,328177.80380952376
2015-06-01,414466.18,480892.11,880016.47,331140.04571428575
2015-07-01,440729.53,515322.6599999999,902586.36,363251.96
2015-08-01,439588.9,513413.0,887796.8499999999,333215.6071428572
2015-09-01,422826.5854761905,501658.0433333333,734654.215,364351.758095238
2015-10-01,448971.88,532741.14,834285.95,364469.5457142857
2015-11-01,423841.82,516486.95,925431.0,353643.0785714286
2015-12-01,499839.17,600161.72,1047478.84,355233.6490476191
2016-01-01,433180.34,545737.53,1084043.63,346512.21904761903
2016-02-01,450916.35,540459.19,1055672.64,368867.5480952381
2016-03-01,486255.94000000006,575720.92,1107296.65,372223.4240476191
2016-04-01,467472.2,545605.47,1149175.1921428572,357084.2233333333
2016-05-01,468710.38,551000.79,1019984.4,377629.0169047619
2016-06-01,450758.18000000005,537583.25,888538.1,355848.9933333334
2016-07-01,465270.48,562778.84,883716.04,350429.7666666667
2016-08-01,485995.83,585748.5,866270.02,363859.5130952381
2016-09-01,456946.75,548491.65,877800.5599999999,356426.2335714286
2016-10-01,476277.64,573754.73,916410.7,373503.7757142857
2016-11-01,463726.21,547323.5299999999,1019671.97,372904.6342857143
2016-12-01,524242.31000000006,615251.51,1113827.1,372690.45571428566
2017-01-01,477291.93,546212.16,1079339.3,358706.8185714286
2017-02-01,453665.32,526888.94,1052536.01,357497.97022857144
2017-03-01,523943.6,592249.34,1216423.42,351791.92503333336
2017-04-01,500063.03,530345.96,1032813.29,360957.7045238095
2017-05-01,516884.37,588861.6200000001,1034806.24,377492.16071428574
2017-06-01,478491.95,549378.05,897511.89,378328.4638095238
2017-07-01,521730.41,607702.7,938887.64,369948.63747619046
2017-08-01,514086.57000000007,604650.3400000001,950188.14,385834.2847619048
2017-09-01,492618.5500000001,560892.6699999999,894363.5800000001,447373.5921428572
2017-10-01,512762.32000000007,583658.83,935986.17,393901.92142857146
2017-11-01,510631.29,563345.61,1038598.26,409332.8580952381
2017-12-01,574097.7000000001,635423.7599999999,1117711.4500000002,404574.361904762
2018-01-01,528763.3,581802.98,1105628.89,421848.9204761905
2018-02-01,502041.6699999999,545210.0,1072071.67,379239.0671428571
2018-03-01,571052.1300000001,618402.18,1194136.18,415125.8964285714
2018-04-01,526979.67,565665.72,1108452.97,370434.6052380952
2018-05-01,544395.17,570129.66,1009750.145,403094.7440476191
2018-06-01,518911.44,554431.5,930065.0,390070.1716666666
2018-07-01,541811.1199999999,589775.97,950343.54,381128.0752380953
2018-08-01,570224.107,593659.63,991818.145,407124.7461904762
2018-09-01,531285.291,551547.83,882303.5249999999,385717.7907142857
2018-10-01,573751.472,579474.4299999999,969095.037,408674.3365238095
2018-11-01,563417.572,573687.35,1061941.9109999998,408049.579
2018-12-01,632670.174,654281.25,1106130.2463000002,421872.0875238095
2019-01-01,596682.75,601714.9,1152949.52,421555.41
2019-02-01,559109.22,565425.02,1103358.49,402371.33
2019-03-01,645266.77,610720.58,1228025.34,428149.45
2019-04-01,657570.18,598956.3,1160125.11,414018.68
2019-05-01,666748.63,611592.32,1134666.18,426587.33
2019-06-01,641136.56,595744.38,1012030.47,399031.61
2019-07-01,650150.78,615559.33,1030649.68,419958.02
2019-08-01,668783.39,632415.7,1070198.1,419493.82
2019-09-01,616079.3,587861.84,973358.44,396860.64
2019-10-01,669008.77,643044.33,1043629.53,433917.15
2019-11-01,643070.35,620572.21,1122734.55,430725.89
2019-12-01,706020.77,682468.14,1175724.83,428697.64
2020-01-01,640011.73,622323.79,1184419.19,421644.72
2020-02-01,652028.0,633100.05,1233250.24,426533.15
2020-03-01,573586.73,509752.95,1100813.77,420637.14
2020-04-01,458420.85,391773.23,867592.28,345933.61
2020-05-01,478771.83,407482.52,828743.95,362987.37
2020-06-01,516933.6,388952.81,782327.99,402541.02
2020-07-01,567052.5,462380.81,870354.89,423328.22
2020-08-01,647375.58,574379.33,885200.72,483695.9
2020-09-01,661665.58,610445.1,959013.35,439581.36
2020-10-01,680362.07,648582.82,1064005.3,459312.45
2020-11-01,652630.16,639856.62,1072873.46,421504.59
2020-12-01,768193.03,760695.45,1276290.85,481068.86
2021-01-01,685942.97,655512.66,1220637.86,485759.13
2021-02-01,669312.88,621712.09,1272608.93,447847.05
2021-03-01,773453.52,692240.49,1417379.54,513966.39
2021-04-01,688389.03,610310.75,1268491.3,466275.27
2021-05-01,707336.38,643076.84,1188222.54,475018.36
2021-06-01,692598.71,637332.81,1128077.11,475462.79
2021-07-01,740193.13,665472.94,1197398.4,500478.6
2021-08-01,668221.54,636824.61,1104625.93,492629.81
2021-09-01,670418.8,605257.76,1102655.34,493058.47
2021-10-01,718676.32,675821.54,1166983.39,497279.7
2021-11-01,708246.27,641916.4,1223817.11,480432.29
2021-12-01,821882.15,768102.83,1380064.62,531775.93
2022-01-01,683031.84,621512.78,1281083.25,513015.93
2022-02-01,661521.58,592106.14,1267195.1,519921.04
2022-03-01,701819.65,598038.47,1335367.84,483657.43
2022-04-01,812059.06,569199.43,1288232.7,493178.4
2022-05-01,791824.98,483991.63,1109576.77,515616.02
2022-06-01,781009.47,507260.42,1102689.46,513914.27
2022-07-01,788841.46,554496.9,1125984.15,513619.25
2022-08-01,784468.32,581844.42,1107348.96,541273.94
2022-09-01,760396.15,570632.2,1202883.03,479529.68
2022-10-01,768784.36,573943.48,979243.31,545823.45
2022-11-01,771173.12,572163.23,1165294.16,528393.77
2022-12-01,865851.44,635953.46,1241281.79,556737.22
2023-01-01,804524.73,599501.29,1285932.51,574148.0
2023-02-01,737345.64,544144.0,1226884.63,497273.19
2023-03-01,875010.34,656941.64,1463008.43,588892.16
2023-04-01,798128.36,586642.2,1247899.39,513919.89
2023-05-01,866826.79,646221.2,1346554.12,561767.17
2023-06-01,782745.17,616290.21,1159045.92,532138.9
2023-07-01,825219.05,642098.16,1178454.37,521833.56
2023-08-01,851754.02,632333.4,1222453.19,543825.64
2023-09-01,799852.73,597670.26,1103622.25,517699.48
2023-10-01,728741.16,531542.58,998113.39,495261.14
2023-11-01,807947.98,632180.03,1248223.75,530542.42
2023-12-01,880233.12,691389.62,1334692.15,541263.18
2024-01-01,830708.13,658083.66,1359012.49,548124.45
2024-02-01,818740.16,654059.6,1340174.42,526897.85
2024-03-01,870771.7,671997.05,1393324.52,523990.91
2024-04-01,847353.15,633520.57,1428143.44,531880.19
2024-05-01,894533.14,692427.94,1401052.37,536754.38
