FECHA,Regular GTQ/GALON,Superior GTQ/GALON,Diesel GTQ/GALON,Glp Cilindro 25Lbs. GTQ/LB
2021-01-01,21.11,21.91,17.61,3.96
2021-01-02,21.11,21.91,17.61,3.96
2021-01-03,21.11,21.91,17.61,3.96
2021-01-04,21.11,21.91,17.61,3.96
2021-01-05,21.11,21.91,17.61,3.96
2021-01-06,21.11,21.91,17.61,3.96
2021-01-07,21.11,21.91,17.61,3.96
2021-01-08,21.11,21.91,17.61,3.96
2021-01-09,21.11,21.91,17.61,3.96
2021-01-10,21.11,21.91,17.61,3.96
2021-01-11,21.59,22.39,17.69,3.96
2021-01-12,21.59,22.39,17.69,3.96
2021-01-13,21.59,22.39,17.69,4.07
2021-01-14,21.59,22.39,17.69,4.07
2021-01-15,21.59,22.39,17.69,4.07
2021-01-16,21.59,22.39,17.69,4.28
2021-01-17,21.59,22.39,17.69,4.28
2021-01-18,22.41,23.21,18.3,4.28
2021-01-19,22.41,23.21,18.3,4.28
2021-01-20,22.41,23.21,18.3,4.4
2021-01-21,22.41,23.21,18.3,4.4
2021-01-22,22.41,23.21,18.3,4.4
2021-01-23,22.41,23.21,18.3,4.64
2021-01-24,22.41,23.21,18.3,4.64
2021-01-25,22.64,23.44,18.47,4.64
2021-01-26,22.64,23.44,18.47,4.64
2021-01-27,22.64,23.44,18.47,4.64
2021-01-28,22.64,23.44,18.47,4.64
2021-01-29,22.64,23.44,18.47,4.64
2021-01-30,22.64,23.44,18.47,4.64
2021-01-31,22.64,23.44,18.47,4.64
2021-02-01,22.77,23.57,18.57,4.64
2021-02-02,22.77,23.57,18.57,4.64
2021-02-03,22.77,23.57,18.57,4.64
2021-02-04,22.77,23.57,18.57,4.64
2021-02-05,22.77,23.57,18.57,4.64
2021-02-06,22.77,23.57,18.57,4.64
2021-02-07,22.77,23.57,18.57,4.64
2021-02-08,23.18,23.98,18.98,4.64
2021-02-09,23.18,23.98,18.98,4.64
2021-02-10,23.18,23.98,18.98,4.64
2021-02-11,23.18,23.98,18.98,4.64
2021-02-12,23.18,23.98,18.98,4.64
2021-02-13,23.18,23.98,18.98,4.64
2021-02-14,23.18,23.98,18.98,4.64
2021-02-15,23.59,24.39,19.79,4.64
2021-02-16,23.59,24.39,19.79,4.64
2021-02-17,23.59,24.39,19.79,4.64
2021-02-18,23.59,24.39,19.79,4.64
2021-02-19,23.59,24.39,19.79,4.64
2021-02-20,23.59,24.39,19.79,4.64
2021-02-21,23.59,24.39,19.79,4.64
2021-02-22,24.3,25.1,20.5,4.64
2021-02-23,24.3,25.1,20.5,4.64
2021-02-24,24.3,25.1,20.5,4.64
2021-02-25,24.3,25.1,20.5,4.64
2021-02-26,24.3,25.1,20.5,4.64
2021-02-27,24.3,25.1,20.5,4.64
2021-02-28,24.3,25.1,20.5,4.64
2021-03-01,25.05,25.85,20.86,4.64
2021-03-02,25.05,25.85,20.86,4.64
2021-03-03,25.05,25.85,20.86,4.64
2021-03-04,25.05,25.85,20.86,4.64
2021-03-05,25.05,25.85,20.86,4.64
2021-03-06,25.05,25.85,20.86,4.64
2021-03-07,25.05,25.85,20.86,4.64
2021-03-08,25.81,26.6,21.31,4.64
2021-03-09,25.81,26.6,21.31,4.64
2021-03-10,25.81,26.6,21.31,4.64
2021-03-11,25.81,26.6,21.31,4.72
2021-03-12,25.81,26.6,21.31,4.8
2021-03-13,25.81,26.6,21.31,4.8
2021-03-14,25.81,26.6,21.31,4.8
2021-03-15,26.47,27.27,21.68,4.8
2021-03-16,26.47,27.27,21.68,4.8
2021-03-17,26.47,27.27,21.68,4.8
2021-03-18,26.47,27.27,21.68,4.8
2021-03-19,26.47,27.27,21.68,4.8
2021-03-20,26.47,27.27,21.68,4.8
2021-03-21,26.47,27.27,21.68,4.8
2021-03-22,26.22,27.02,21.41,4.8
2021-03-23,26.22,27.02,21.41,4.8
2021-03-24,26.22,27.02,21.41,4.8
2021-03-25,26.22,27.02,21.41,4.8
2021-03-26,26.22,27.02,21.41,4.8
2021-03-27,26.22,27.02,21.41,4.8
2021-03-28,26.22,27.02,21.41,4.8
2021-03-29,25.56,26.35,20.8,4.8
2021-03-30,25.56,26.35,20.8,4.8
2021-03-31,25.56,26.35,20.8,4.8
2021-04-01,25.56,26.35,20.8,4.8
2021-04-02,25.56,26.35,20.8,4.8
2021-04-03,25.56,26.35,20.8,4.8
2021-04-04,25.56,26.35,20.8,4.8
2021-04-05,25.66,26.45,20.71,4.8
2021-04-06,25.66,26.45,20.71,4.8
2021-04-07,25.66,26.45,20.71,4.8
2021-04-08,25.66,26.45,20.71,4.8
2021-04-09,25.66,26.45,20.71,4.8
2021-04-10,25.66,26.45,20.71,4.8
2021-04-11,25.66,26.45,20.71,4.8
2021-04-12,26.17,26.97,20.43,4.8
2021-04-13,26.17,26.97,20.43,4.8
2021-04-14,26.17,26.97,20.43,4.8
2021-04-15,26.17,26.97,20.43,4.8
2021-04-16,26.17,26.97,20.43,4.8
2021-04-17,26.17,26.97,20.43,4.8
2021-04-18,26.17,26.97,20.43,4.8
2021-04-19,26.2,27.0,20.59,4.8
2021-04-20,26.2,27.0,20.59,4.8
2021-04-21,26.2,27.0,20.59,4.8
2021-04-22,26.2,27.0,20.59,4.8
2021-04-23,26.2,27.0,20.59,4.8
2021-04-24,26.2,27.0,20.59,4.8
2021-04-25,26.2,27.0,20.59,4.8
2021-04-26,26.49,27.27,20.87,4.8
2021-04-27,26.49,27.27,20.87,4.8
2021-04-28,26.49,27.27,20.87,4.8
2021-04-29,26.49,27.27,20.87,4.8
2021-04-30,26.49,27.27,20.87,4.8
2021-05-01,26.49,27.27,20.87,4.8
2021-05-02,26.49,27.27,20.87,4.8
2021-05-03,26.49,27.29,21.12,4.8
2021-05-04,26.49,27.29,21.12,4.8
2021-05-05,26.49,27.29,21.12,4.8
2021-05-06,26.49,27.29,21.12,4.8
2021-05-07,26.49,27.29,21.12,4.8
2021-05-08,26.49,27.29,21.12,4.8
2021-05-09,26.49,27.29,21.12,4.8
2021-05-10,27.09,27.89,21.79,4.8
2021-05-11,27.09,27.89,21.79,4.8
2021-05-12,27.09,27.89,21.79,4.8
2021-05-13,27.09,27.89,21.79,4.8
2021-05-14,27.09,27.89,21.79,4.8
2021-05-15,27.09,27.89,21.79,4.8
2021-05-16,27.09,27.89,21.79,4.8
2021-05-17,27.09,27.9,21.79,4.8
2021-05-18,27.09,27.9,21.79,4.8
2021-05-19,27.09,27.9,21.79,4.8
2021-05-20,27.09,27.9,21.79,4.8
2021-05-21,27.09,27.9,21.79,4.8
2021-05-22,27.09,27.9,21.79,4.8
2021-05-23,27.09,27.9,21.79,4.8
2021-05-24,27.08,27.88,21.78,4.8
2021-05-25,27.08,27.88,21.78,4.8
2021-05-26,27.08,27.88,21.78,4.8
2021-05-27,27.08,27.88,21.78,4.8
2021-05-28,27.08,27.88,21.78,4.8
2021-05-29,27.08,27.88,21.78,4.8
2021-05-30,27.08,27.88,21.78,4.8
2021-05-31,27.22,28.01,22.29,4.8
2021-06-01,27.22,28.01,22.29,4.8
2021-06-02,27.22,28.01,22.29,4.8
2021-06-03,27.22,28.01,22.29,4.8
2021-06-04,27.22,28.01,22.29,4.8
2021-06-05,27.22,28.01,22.29,4.8
2021-06-06,27.22,28.01,22.29,4.8
2021-06-07,27.2,27.99,22.58,4.8
2021-06-08,27.2,27.99,22.58,4.8
2021-06-09,27.2,27.99,22.58,4.8
2021-06-10,27.2,27.99,22.58,4.8
2021-06-11,27.2,27.99,22.58,4.8
2021-06-12,27.2,27.99,22.58,4.8
2021-06-13,27.2,27.99,22.58,4.8
2021-06-14,27.4,28.19,22.7,4.8
2021-06-15,27.4,28.19,22.7,4.8
2021-06-16,27.4,28.19,22.7,4.8
2021-06-17,27.4,28.19,22.7,4.8
2021-06-18,27.4,28.19,22.7,4.8
2021-06-19,27.4,28.19,22.7,4.8
2021-06-20,27.4,28.19,22.7,4.8
2021-06-21,26.86,27.68,21.88,4.8
2021-06-22,26.86,27.68,21.88,4.8
2021-06-23,26.86,27.68,21.88,4.8
2021-06-24,26.86,27.68,21.88,4.8
2021-06-25,26.86,27.68,21.88,4.8
2021-06-26,26.86,27.68,21.88,4.8
2021-06-27,26.86,27.68,21.88,4.8
2021-06-28,26.86,27.68,21.88,4.8
2021-06-29,26.8,27.6,21.81,4.8
2021-06-30,26.8,27.6,21.81,4.8
2021-07-01,26.8,27.6,21.81,4.8
2021-07-02,26.8,27.6,21.81,4.8
2021-07-03,26.8,27.6,21.81,4.8
2021-07-04,26.8,27.6,21.81,4.8
2021-07-05,27.98,28.78,22.97,4.8
2021-07-06,27.98,28.78,22.97,4.8
2021-07-07,27.98,28.78,22.97,4.8
2021-07-08,27.98,28.78,22.97,4.8
2021-07-09,27.98,28.78,22.97,4.8
2021-07-10,27.98,28.78,22.97,4.8
2021-07-11,27.98,28.78,22.97,4.8
2021-07-12,27.84,28.64,22.82,4.8
2021-07-13,27.84,28.64,22.82,4.8
2021-07-14,27.84,28.64,22.82,4.8
2021-07-15,27.84,28.64,22.82,4.8
2021-07-16,27.84,28.64,22.82,4.8
2021-07-17,27.84,28.64,22.82,4.8
2021-07-18,27.84,28.64,22.82,4.8
2021-07-19,27.54,28.34,22.55,4.8
2021-07-20,27.54,28.34,22.55,4.8
2021-07-21,27.54,28.34,22.55,4.8
2021-07-22,27.54,28.34,22.55,4.8
2021-07-23,27.54,28.34,22.55,4.8
2021-07-24,27.54,28.34,22.55,4.8
2021-07-25,27.54,28.34,22.55,4.8
2021-07-26,27.29,28.09,22.1,4.8
2021-07-27,27.29,28.09,22.1,4.8
2021-07-28,27.29,28.09,22.1,4.8
2021-07-29,27.29,28.09,22.1,4.8
2021-07-30,27.29,28.09,22.1,4.8
2021-07-31,27.29,28.09,22.1,4.8
2021-08-01,27.29,28.09,22.1,4.8
2021-08-02,28.28,29.1,23.1,4.8
2021-08-03,28.28,29.1,23.1,4.8
2021-08-04,28.28,29.1,23.1,4.8
2021-08-05,28.28,29.1,23.1,4.8
2021-08-06,28.28,29.1,23.1,4.8
2021-08-07,28.28,29.1,23.1,4.8
2021-08-08,28.28,29.1,23.1,4.8
2021-08-09,28.27,29.09,23.09,4.8
2021-08-10,28.27,29.09,23.09,4.8
2021-08-11,28.27,29.09,23.09,4.8
2021-08-12,28.27,29.09,23.09,4.8
2021-08-13,28.27,29.09,23.09,4.8
2021-08-14,28.27,29.09,23.09,4.8
2021-08-15,28.27,29.09,23.09,4.8
2021-08-16,28.27,29.09,23.09,4.8
2021-08-17,28.0,28.8,22.8,4.8
2021-08-18,28.0,28.8,22.8,4.8
2021-08-19,28.0,28.8,22.8,4.8
2021-08-20,28.0,28.8,22.8,4.8
2021-08-21,28.0,28.8,22.8,4.8
2021-08-22,28.0,28.8,22.8,4.8
2021-08-23,27.99,28.79,22.79,4.8
2021-08-24,27.99,28.79,22.79,4.8
2021-08-25,27.99,28.79,22.79,4.8
2021-08-26,27.99,28.79,22.79,4.8
2021-08-27,27.99,28.79,22.79,4.8
2021-08-28,27.99,28.79,22.79,4.8
2021-08-29,27.99,28.79,22.79,4.8
2021-08-30,27.99,28.79,22.79,4.8
2021-08-31,27.99,28.79,22.79,4.8
2021-09-01,27.99,28.79,22.79,4.8
2021-09-02,27.99,28.79,22.79,4.8
2021-09-03,27.99,28.79,22.79,4.8
2021-09-04,27.99,28.79,22.79,4.8
2021-09-05,27.99,28.79,22.79,4.8
2021-09-06,28.4,29.11,23.2,4.8
2021-09-07,28.4,29.11,23.2,4.8
2021-09-08,28.4,29.11,23.2,4.8
2021-09-09,28.4,29.11,23.2,4.8
2021-09-10,28.4,29.11,23.2,4.8
2021-09-11,28.4,29.11,23.2,4.8
2021-09-12,28.4,29.11,23.2,4.8
2021-09-13,28.4,29.08,23.47,4.8
2021-09-14,28.4,29.08,23.47,4.8
2021-09-15,28.4,29.08,23.47,4.8
2021-09-16,28.4,29.08,23.47,4.8
2021-09-17,28.4,29.08,23.47,4.8
2021-09-18,28.4,29.08,23.47,4.8
2021-09-19,28.4,29.08,23.47,4.8
2021-09-20,28.58,29.27,23.77,5.04
2021-09-21,28.58,29.27,23.77,5.04
2021-09-22,28.58,29.27,23.77,5.04
2021-09-23,28.58,29.27,23.77,5.16
2021-09-24,28.58,29.27,23.77,5.16
2021-09-25,28.58,29.27,23.77,5.16
2021-09-26,28.58,29.27,23.77,5.16
2021-09-27,28.59,29.29,23.79,5.16
2021-09-28,28.59,29.29,23.79,5.16
2021-09-29,28.59,29.29,23.79,5.16
2021-09-30,28.59,29.29,23.79,5.28
2021-10-01,28.59,29.29,23.79,5.28
2021-10-02,28.59,29.29,23.79,5.28
2021-10-03,28.59,29.29,23.79,5.28
2021-10-04,28.3,29.01,24.48,5.28
2021-10-05,28.3,29.01,24.48,5.28
2021-10-06,28.3,29.01,24.48,5.28
2021-10-07,28.3,29.01,24.48,5.28
2021-10-08,28.3,29.01,24.48,5.28
2021-10-09,28.3,29.01,24.48,5.28
2021-10-10,28.3,29.01,24.48,5.28
2021-10-11,29.28,29.98,25.41,5.28
2021-10-12,29.28,29.98,25.41,5.28
2021-10-13,29.28,29.98,25.41,5.28
2021-10-14,29.28,29.98,25.41,5.28
2021-10-15,29.28,29.98,25.41,5.28
2021-10-16,29.28,29.98,25.41,5.28
2021-10-17,29.28,29.98,25.41,5.28
2021-10-18,29.28,29.97,25.44,5.28
2021-10-19,29.28,29.97,25.44,5.28
2021-10-20,29.28,29.97,25.44,5.28
2021-10-21,29.28,29.97,25.44,5.28
2021-10-22,29.28,29.97,25.44,5.28
2021-10-23,29.28,29.97,25.44,5.28
2021-10-24,29.28,29.97,25.44,5.28
2021-10-25,30.28,30.98,26.49,5.28
2021-10-26,30.28,30.98,26.49,5.28
2021-10-27,30.28,30.98,26.49,5.28
2021-10-28,30.28,30.98,26.49,5.28
2021-10-29,30.28,30.98,26.49,5.28
2021-10-30,30.28,30.98,26.49,5.28
2021-10-31,30.28,30.98,26.49,5.28
2021-11-01,30.28,30.98,26.49,5.55
2021-11-02,30.28,30.98,26.48,5.55
2021-11-03,30.28,30.98,26.48,5.55
2021-11-04,30.28,30.98,26.48,5.55
2021-11-05,30.28,30.98,26.48,5.55
2021-11-06,30.28,30.98,26.48,5.55
2021-11-07,30.28,30.98,26.48,5.55
2021-11-08,30.3,30.99,26.49,5.55
2021-11-09,30.3,30.99,26.49,5.55
2021-11-10,30.3,30.99,26.49,5.55
2021-11-11,30.3,30.99,26.49,5.55
2021-11-12,30.3,30.99,26.49,5.55
2021-11-13,30.3,30.99,26.49,5.55
2021-11-14,30.3,30.99,26.49,5.55
2021-11-15,29.93,30.63,26.12,5.55
2021-11-16,29.93,30.63,26.12,5.55
2021-11-17,29.93,30.63,26.12,5.55
2021-11-18,29.93,30.63,26.12,5.55
2021-11-19,29.93,30.63,26.12,5.55
2021-11-20,29.93,30.63,26.12,5.55
2021-11-21,29.93,30.63,26.12,5.55
2021-11-22,29.32,30.01,25.7,5.55
2021-11-23,29.32,30.01,25.7,5.55
2021-11-24,29.32,30.01,25.7,5.55
2021-11-25,29.32,30.01,25.7,5.55
2021-11-26,29.32,30.01,25.7,5.55
2021-11-27,29.32,30.01,25.7,5.55
2021-11-28,29.32,30.01,25.7,5.55
2021-11-29,29.07,29.78,25.33,5.55
2021-11-30,29.07,29.78,25.33,5.55
2021-12-01,29.07,29.78,25.33,4.88
2021-12-02,29.07,29.78,25.33,4.88
2021-12-03,29.07,29.78,25.33,4.88
2021-12-04,29.07,29.78,25.33,4.88
2021-12-05,29.07,29.78,25.33,4.88
2021-12-06,28.1,28.82,24.36,4.88
2021-12-07,28.1,28.82,24.36,4.88
2021-12-08,28.1,28.82,24.36,4.88
2021-12-09,28.1,28.82,24.36,4.88
2021-12-10,28.1,28.82,24.36,4.88
2021-12-11,28.1,28.82,24.36,4.88
2021-12-12,28.1,28.82,24.36,4.88
2021-12-13,28.06,28.78,24.28,4.88
2021-12-14,28.06,28.78,24.28,4.88
2021-12-15,28.06,28.78,24.28,4.88
2021-12-16,28.06,28.78,24.28,4.88
2021-12-17,28.06,28.78,24.28,4.88
2021-12-18,28.06,28.78,24.28,4.88
2021-12-19,28.06,28.78,24.28,4.88
2021-12-20,28.06,28.78,24.28,4.88
2021-12-21,28.06,28.78,24.28,4.88
2021-12-22,28.06,28.78,24.28,4.88
2021-12-23,28.06,28.78,24.28,4.88
2021-12-24,28.06,28.78,24.28,4.88
2021-12-25,28.06,28.78,24.28,4.88
2021-12-26,28.06,28.78,24.28,4.88
2021-12-27,27.91,28.69,24.51,4.88
2021-12-28,27.91,28.69,24.51,4.88
2021-12-29,27.91,28.69,24.51,4.88
2021-12-30,27.91,28.69,24.51,4.88
2021-12-31,27.91,28.69,24.51,4.88
2022-01-01,27.91,28.69,24.51,4.88
2022-01-02,27.91,28.69,24.51,4.88
2022-01-03,27.99,28.79,24.6,4.88
2022-01-04,27.99,28.79,24.6,4.88
2022-01-05,27.99,28.79,24.6,4.88
2022-01-06,27.99,28.79,24.6,4.88
2022-01-07,27.99,28.79,24.6,4.88
2022-01-08,27.99,28.79,24.6,4.88
2022-01-09,27.99,28.79,24.6,4.88
2022-01-10,28.85,29.65,25.46,4.88
2022-01-11,28.85,29.65,25.46,4.88
2022-01-12,28.85,29.65,25.46,4.88
2022-01-13,28.85,29.65,25.46,4.88
2022-01-14,28.85,29.65,25.46,4.88
2022-01-15,28.85,29.65,25.46,4.88
2022-01-16,28.85,29.65,25.46,4.88
2022-01-17,29.69,30.49,26.49,4.88
2022-01-18,29.69,30.49,26.49,4.88
2022-01-19,29.69,30.49,26.49,4.88
2022-01-20,29.69,30.49,26.49,4.88
2022-01-21,29.69,30.49,26.49,4.88
2022-01-22,29.69,30.49,26.49,4.88
2022-01-23,29.69,30.49,26.49,4.88
2022-01-24,30.69,31.49,27.49,4.88
2022-01-25,30.69,31.49,27.49,4.88
2022-01-26,30.69,31.49,27.49,4.88
2022-01-27,30.69,31.49,27.49,4.88
2022-01-28,30.69,31.49,27.49,4.88
2022-01-29,30.69,31.49,27.49,4.88
2022-01-30,30.69,31.49,27.49,4.88
2022-01-31,30.69,31.5,27.98,4.88
2022-02-01,30.69,31.5,27.98,4.88
2022-02-02,30.69,31.5,27.98,4.88
2022-02-03,30.69,31.5,27.98,4.88
2022-02-04,30.69,31.5,27.98,4.88
2022-02-05,30.69,31.5,27.98,4.88
2022-02-06,30.69,31.5,27.98,4.88
2022-02-07,32.39,32.19,28.58,4.88
2022-02-08,32.39,32.19,28.58,4.88
2022-02-09,32.39,32.19,28.58,4.88
2022-02-10,32.39,32.19,28.58,4.88
2022-02-11,32.39,32.19,28.58,4.88
2022-02-12,32.39,32.19,28.58,4.88
2022-02-13,32.39,32.19,28.58,4.88
2022-02-14,31.42,32.22,28.61,4.88
2022-02-15,31.42,32.22,28.61,4.88
2022-02-16,31.42,32.22,28.61,4.88
2022-02-17,31.42,32.22,28.61,4.88
2022-02-18,31.42,32.22,28.61,4.88
2022-02-19,31.42,32.22,28.61,4.88
2022-02-20,31.42,32.22,28.61,4.88
2022-02-21,32.7,33.5,29.88,4.88
2022-02-22,32.7,33.5,29.88,4.88
2022-02-23,32.7,33.5,29.88,4.88
2022-02-24,32.7,33.5,29.88,4.88
2022-02-25,32.7,33.5,29.88,4.88
2022-02-26,32.7,33.5,29.88,4.88
2022-02-27,32.7,33.5,29.88,4.88
2022-02-28,33.29,33.88,30.09,4.88
2022-03-01,33.29,33.88,30.09,5.68
2022-03-02,33.29,33.88,30.09,5.68
2022-03-03,35.39,35.99,33.09,5.68
2022-03-04,35.39,35.99,33.09,5.68
2022-03-05,35.39,35.99,33.09,5.68
2022-03-06,35.39,35.99,33.09,5.68
2022-03-07,37.39,37.98,36.09,5.68
2022-03-08,37.39,37.98,36.09,5.68
2022-03-09,39.42,39.99,40.25,5.88
2022-03-10,39.42,39.99,40.25,5.88
2022-03-11,39.42,39.99,40.25,5.88
2022-03-12,39.42,39.99,40.25,5.88
2022-03-13,37.39,37.98,35.48,5.88
2022-03-14,37.39,37.98,35.48,5.88
2022-03-15,37.39,37.98,35.48,5.88
2022-03-16,37.39,38.0,35.7,5.88
2022-03-17,37.39,38.0,35.7,5.88
2022-03-18,37.39,38.0,35.7,5.68
2022-03-19,37.39,38.0,35.7,5.68
2022-03-20,37.39,38.0,35.7,5.68
2022-03-21,34.47,38.09,35.66,5.68
2022-03-22,34.47,38.09,35.66,5.68
2022-03-23,34.47,38.09,35.66,5.68
2022-03-24,34.47,38.09,35.66,5.68
2022-03-25,34.47,38.09,35.66,5.68
2022-03-26,34.47,38.09,35.66,5.68
2022-03-27,34.47,38.09,35.66,5.68
2022-03-28,34.47,38.09,35.66,5.68
2022-03-29,34.47,38.09,35.66,5.68
2022-03-30,38.31,38.91,37.39,5.68
2022-03-31,38.31,38.91,37.39,5.68
2022-04-01,38.31,38.91,37.39,4.88
2022-04-02,38.31,38.91,37.39,4.88
2022-04-03,38.31,38.91,37.39,4.88
2022-04-04,38.31,38.91,37.39,4.88
2022-04-05,38.31,38.91,37.39,4.88
2022-04-06,35.09,37.98,32.25,4.88
2022-04-07,35.09,37.98,32.25,4.88
2022-04-08,35.09,37.98,32.25,4.88
2022-04-09,35.09,37.98,32.25,4.88
2022-04-10,35.09,37.98,32.25,4.88
2022-04-11,35.09,37.98,32.25,4.88
2022-04-12,34.23,37.37,32.08,4.88
2022-04-13,34.23,37.37,32.08,4.88
2022-04-14,34.23,37.37,32.08,4.88
2022-04-15,34.23,37.37,32.08,4.88
2022-04-16,34.23,37.37,32.08,4.88
2022-04-17,34.23,37.37,32.08,4.88
2022-04-18,34.23,37.37,32.08,4.88
2022-04-19,34.23,37.37,32.08,4.88
2022-04-20,34.65,37.66,32.65,4.88
2022-04-21,34.65,37.66,32.65,4.88
2022-04-22,34.65,37.66,32.65,4.88
2022-04-23,34.65,37.66,32.65,4.88
2022-04-24,34.65,37.66,32.65,4.88
2022-04-25,34.65,37.66,32.65,4.88
2022-04-26,35.38,38.42,34.81,4.88
2022-04-27,35.38,38.42,34.81,4.88
2022-04-28,35.38,38.42,34.81,4.88
2022-04-29,35.38,38.42,34.81,4.88
2022-04-30,35.38,38.42,34.81,4.88
2022-05-01,35.38,38.42,34.81,4.88
2022-05-02,35.38,38.42,34.81,4.88
2022-05-03,35.38,38.42,34.81,4.88
2022-05-04,36.16,39.26,37.65,4.88
2022-05-05,36.16,39.26,37.65,4.88
2022-05-06,36.16,39.26,37.65,4.88
2022-05-07,36.16,39.26,37.65,4.88
2022-05-08,36.16,39.26,37.65,4.88
2022-05-09,36.16,39.26,37.65,4.88
2022-05-10,38.55,41.65,38.42,4.88
2022-05-11,38.55,41.65,38.42,4.88
2022-05-12,38.55,41.65,38.42,4.88
2022-05-13,38.55,41.65,38.42,4.88
2022-05-14,38.55,41.65,38.42,4.88
2022-05-15,38.55,41.65,38.42,4.88
2022-05-16,38.55,41.65,38.42,4.88
2022-05-17,40.13,43.24,35.32,4.88
2022-05-18,40.13,43.24,35.32,4.88
2022-05-19,40.13,43.24,35.32,4.88
2022-05-20,40.13,43.24,35.32,4.88
2022-05-21,40.13,43.24,35.32,4.88
2022-05-22,40.13,43.24,35.32,4.88
2022-05-23,40.13,43.24,35.32,4.88
2022-05-24,39.87,42.98,32.26,4.88
2022-05-25,39.87,42.98,32.26,4.88
2022-05-26,39.87,42.98,32.26,4.88
2022-05-27,39.87,42.98,32.26,4.88
2022-05-28,39.87,42.98,32.26,4.88
2022-05-29,39.87,42.98,32.26,4.88
2022-05-30,39.87,42.98,32.26,4.88
2022-05-31,37.92,39.14,30.5,4.88
2022-06-01,37.92,39.14,30.5,4.88
2022-06-02,37.92,39.14,30.5,4.88
2022-06-03,37.92,39.14,30.5,4.88
2022-06-04,37.92,39.14,30.5,4.88
2022-06-05,37.92,39.14,30.5,4.88
2022-06-06,37.92,39.14,30.5,4.88
2022-06-07,38.71,39.71,32.87,4.88
2022-06-08,38.71,39.71,32.87,4.88
2022-06-09,38.71,39.71,32.87,4.88
2022-06-10,38.71,39.71,32.87,4.88
2022-06-11,38.71,39.71,32.87,4.88
2022-06-12,38.71,39.71,32.87,4.88
2022-06-13,38.71,39.71,32.87,4.88
2022-06-14,40.5,41.51,35.44,4.88
2022-06-15,40.5,41.51,35.44,4.88
2022-06-16,40.5,41.51,35.44,4.88
2022-06-17,40.5,41.51,35.44,4.88
2022-06-18,40.5,41.51,35.44,4.88
2022-06-19,40.5,41.51,35.44,4.88
2022-06-20,40.5,41.51,35.44,4.88
2022-06-21,39.62,40.63,36.89,4.88
2022-06-22,39.62,40.63,36.89,4.88
2022-06-23,39.62,40.63,36.89,4.88
2022-06-24,39.62,40.63,36.89,4.88
2022-06-25,39.62,40.63,36.89,4.88
2022-06-26,39.62,40.63,36.89,4.88
2022-06-27,39.62,40.63,36.89,4.88
2022-06-28,38.43,39.43,36.4,4.88
2022-06-29,38.43,39.43,36.4,4.88
2022-06-30,38.43,39.43,36.4,4.88
2022-07-01,38.43,39.43,36.4,4.88
2022-07-02,38.43,39.43,36.4,4.88
2022-07-03,38.43,39.43,36.4,4.88
2022-07-04,38.43,39.43,36.4,4.88
2022-07-05,38.17,39.17,33.88,4.88
2022-07-06,38.17,39.17,33.88,4.88
2022-07-07,38.17,39.17,33.88,4.88
2022-07-08,38.17,39.17,33.88,4.88
2022-07-09,38.17,39.17,33.88,4.88
2022-07-10,38.17,39.17,33.88,4.88
2022-07-11,38.17,39.17,33.88,4.88
2022-07-12,35.58,36.56,31.3,4.88
2022-07-13,35.58,36.56,31.3,4.88
2022-07-14,35.58,36.56,31.3,4.88
2022-07-15,35.58,36.56,31.3,4.88
2022-07-16,35.58,36.56,31.3,4.88
2022-07-17,35.58,36.56,31.3,4.88
2022-07-18,35.58,36.56,31.3,4.88
2022-07-19,32.75,33.66,31.01,4.88
2022-07-20,32.75,33.66,31.01,4.88
2022-07-21,32.75,33.66,31.01,4.88
2022-07-22,32.75,33.66,31.01,4.88
2022-07-23,32.75,33.66,31.01,4.88
2022-07-24,32.75,33.66,31.01,4.88
2022-07-25,32.75,33.66,31.01,4.88
2022-07-26,31.76,32.69,29.9,4.88
2022-07-27,31.76,32.69,29.9,4.88
2022-07-28,31.76,32.69,29.9,4.88
2022-07-29,31.76,32.69,29.9,4.88
2022-07-30,31.76,32.69,29.9,4.88
2022-07-31,31.76,32.69,29.9,4.88
2022-08-01,31.76,32.69,29.9,4.88
2022-08-02,31.47,32.37,29.37,4.88
2022-08-03,31.47,32.37,29.37,4.88
2022-08-04,31.47,32.37,29.37,4.88
2022-08-05,31.47,32.37,29.37,4.88
2022-08-06,31.47,32.37,29.37,4.88
2022-08-07,31.47,32.37,29.37,4.88
2022-08-08,31.47,32.37,29.37,4.88
2022-08-09,34.75,35.64,33.98,4.88
2022-08-10,34.75,35.64,33.98,4.88
2022-08-11,34.75,35.64,33.98,4.88
2022-08-12,34.75,35.64,33.98,4.88
2022-08-13,34.75,35.64,33.98,4.88
2022-08-14,34.75,35.64,33.98,4.88
2022-08-15,34.75,35.64,33.98,4.88
2022-08-16,35.39,36.32,35.1,4.88
2022-08-17,35.39,36.32,35.1,4.88
2022-08-18,35.39,36.32,35.1,4.88
2022-08-19,35.39,36.32,35.1,4.88
2022-08-20,35.39,36.32,35.1,4.88
2022-08-21,35.39,36.32,35.1,4.88
2022-08-22,35.39,36.32,35.1,4.88
2022-08-23,34.72,35.65,35.8,4.88
2022-08-24,34.72,35.65,35.8,4.88
2022-08-25,34.72,35.65,35.8,4.88
2022-08-26,34.72,35.65,35.8,4.88
2022-08-27,34.72,35.65,35.8,4.88
2022-08-28,34.72,35.65,35.8,4.88
2022-08-29,34.72,35.65,35.8,4.88
2022-08-30,34.62,35.55,35.19,4.88
2022-08-31,34.62,35.55,35.19,4.88
2022-09-01,34.62,35.55,35.19,5.68
2022-09-02,34.62,35.55,35.19,5.68
2022-09-03,34.62,35.55,35.19,5.68
2022-09-04,34.62,35.55,35.19,5.68
2022-09-05,33.58,34.49,32.24,5.68
2022-09-06,33.58,34.49,32.24,5.68
2022-09-07,33.58,34.49,32.24,5.68
2022-09-08,33.58,34.49,32.24,5.68
2022-09-09,33.58,34.49,32.24,5.68
2022-09-10,33.58,34.49,32.24,5.68
2022-09-11,33.58,34.49,32.24,5.68
2022-09-12,33.24,34.16,31.41,5.68
2022-09-13,33.24,34.16,31.41,5.68
2022-09-14,33.24,34.16,31.41,5.68
2022-09-15,33.24,34.16,31.41,5.68
2022-09-16,33.24,34.16,31.41,5.68
2022-09-17,33.24,34.16,31.41,5.68
2022-09-18,33.24,34.16,31.41,5.68
2022-09-19,33.22,34.12,30.0,5.68
2022-09-20,33.22,34.12,30.0,5.68
2022-09-21,33.22,34.12,30.0,5.68
2022-09-22,33.22,34.12,30.0,5.68
2022-09-23,33.22,34.12,30.0,5.68
2022-09-24,33.22,34.12,30.0,5.68
2022-09-25,33.22,34.12,30.0,5.68
2022-09-26,33.28,34.18,29.16,5.68
2022-09-27,33.28,34.18,29.16,5.68
2022-09-28,33.28,34.18,29.16,5.68
2022-09-29,33.28,34.18,29.16,5.68
2022-09-30,33.28,34.18,29.16,5.68
2022-10-01,33.28,34.18,29.16,4.88
2022-10-02,33.28,34.18,29.16,4.88
2022-10-03,33.27,34.16,32.33,4.88
2022-10-04,33.27,34.16,32.33,4.88
2022-10-05,33.27,34.16,32.33,4.88
2022-10-06,34.29,35.19,35.89,4.88
2022-10-07,34.29,35.19,35.89,4.88
2022-10-08,34.29,35.19,35.89,4.88
2022-10-09,34.29,35.19,35.89,4.88
2022-10-10,35.99,36.92,38.46,4.88
2022-10-11,35.99,36.92,38.46,4.88
2022-10-12,35.99,36.92,38.46,4.88
2022-10-13,35.99,36.92,38.46,4.88
2022-10-14,35.99,36.92,38.46,4.88
2022-10-15,35.99,36.92,38.46,4.88
2022-10-16,35.99,36.92,38.46,4.88
2022-10-17,36.23,37.14,41.27,4.88
2022-10-18,36.23,37.14,41.27,4.88
2022-10-19,36.23,37.14,41.27,4.88
2022-10-20,36.23,37.14,41.27,4.88
2022-10-21,36.23,37.14,41.27,4.88
2022-10-22,36.23,37.14,41.27,4.88
2022-10-23,36.23,37.14,41.27,4.88
2022-10-24,36.27,37.17,41.25,4.88
2022-10-25,36.27,37.17,41.25,4.88
2022-10-26,36.27,37.17,41.25,4.88
2022-10-27,36.27,37.17,41.25,4.88
2022-10-28,36.27,37.17,41.25,4.88
2022-10-29,36.27,37.17,41.25,4.88
2022-10-30,36.27,37.17,41.25,4.88
2022-10-31,36.27,37.17,41.25,4.88
2022-11-01,36.27,37.17,41.25,4.88
2022-11-02,35.57,36.75,39.9,4.88
2022-11-03,35.57,36.75,39.9,4.88
2022-11-04,35.57,36.75,39.9,4.88
2022-11-05,35.57,36.75,39.9,4.88
2022-11-06,35.57,36.75,39.9,4.88
2022-11-07,35.5,36.7,39.82,4.88
2022-11-08,35.5,36.7,39.82,4.88
2022-11-09,35.5,36.7,39.82,4.88
2022-11-10,35.5,36.7,39.82,4.88
2022-11-11,35.5,36.7,39.82,4.88
2022-11-12,35.5,36.7,39.82,4.88
2022-11-13,35.5,36.7,39.82,4.88
2022-11-14,35.87,37.37,40.59,4.88
2022-11-15,35.87,37.37,40.59,4.88
2022-11-16,35.87,37.37,40.59,4.88
2022-11-17,35.87,37.37,40.59,4.88
2022-11-18,35.87,37.37,40.59,4.88
2022-11-19,35.87,37.37,40.59,4.88
2022-11-20,35.87,37.37,40.59,4.88
2022-11-21,34.54,36.14,38.17,4.88
2022-11-22,34.54,36.14,38.17,4.88
2022-11-23,34.54,36.14,38.17,4.88
2022-11-24,34.54,36.14,38.17,4.88
2022-11-25,34.54,36.14,38.17,4.88
2022-11-26,34.54,36.14,38.17,4.88
2022-11-27,34.54,36.14,38.17,4.88
2022-11-28,33.32,34.94,35.96,4.88
2022-11-29,33.32,34.94,35.96,4.88
2022-11-30,33.32,34.94,35.96,4.88
2022-12-01,33.32,34.94,35.96,4.88
2022-12-02,33.32,34.94,35.96,4.88
2022-12-03,33.32,34.94,35.96,4.88
2022-12-04,33.32,34.94,35.96,4.88
2022-12-05,32.9,34.5,35.58,4.88
2022-12-06,32.9,34.5,35.58,4.88
2022-12-07,32.9,34.5,35.58,4.88
2022-12-08,32.9,34.5,35.58,4.88
2022-12-09,32.9,34.5,35.58,4.88
2022-12-10,32.9,34.5,35.58,4.88
2022-12-11,32.9,34.5,35.58,4.88
2022-12-12,32.39,33.98,34.8,4.88
2022-12-13,32.39,33.98,34.8,4.88
2022-12-14,32.39,33.98,34.8,4.88
2022-12-15,32.39,33.98,34.8,4.88
2022-12-16,32.39,33.98,34.8,4.88
2022-12-17,32.39,33.98,34.8,4.88
2022-12-18,32.39,33.98,34.8,4.88
2022-12-19,31.96,33.48,33.95,4.88
2022-12-20,31.96,33.48,33.95,4.88
2022-12-21,31.96,33.48,33.95,4.88
2022-12-22,31.96,33.48,33.95,4.88
2022-12-23,31.96,33.48,33.95,4.88
2022-12-24,31.96,33.48,33.95,4.88
2022-12-25,31.96,33.48,33.95,4.88
2022-12-26,31.96,33.48,33.95,4.88
2022-12-27,30.99,32.55,33.75,4.88
2022-12-28,30.99,32.55,33.75,4.88
2022-12-29,30.99,32.55,33.75,4.88
2022-12-30,30.99,32.55,33.75,4.88
2022-12-31,30.99,32.55,33.75,4.88
2023-01-01,30.99,32.55,33.75,4.88
2023-01-02,30.99,32.55,33.75,4.88
2023-01-03,31.42,32.56,35.31,4.88
2023-01-04,31.42,32.56,35.31,4.88
2023-01-05,31.42,32.56,35.31,4.88
2023-01-06,31.42,32.56,35.31,4.88
2023-01-07,31.42,32.56,35.31,4.88
2023-01-08,31.42,32.56,35.31,4.88
2023-01-09,31.6,33.0,35.98,4.88
2023-01-10,31.6,33.0,35.98,4.88
2023-01-11,31.6,33.0,35.98,4.88
2023-01-12,31.6,33.0,35.98,4.88
2023-01-13,31.6,33.0,35.98,4.88
2023-01-14,31.6,33.0,35.98,4.88
2023-01-15,31.6,33.0,35.98,4.88
2023-01-16,32.58,33.96,35.96,4.88
2023-01-17,32.58,33.96,35.96,4.88
2023-01-18,32.58,33.96,35.96,4.88
2023-01-19,32.58,33.96,35.96,4.88
2023-01-20,32.58,33.96,35.96,4.88
2023-01-21,32.58,33.96,35.96,4.88
2023-01-22,32.58,33.96,35.96,4.88
2023-01-23,33.63,35.02,35.54,4.88
2023-01-24,33.63,35.02,35.54,4.88
2023-01-25,33.63,35.02,35.54,4.88
2023-01-26,33.63,35.02,35.54,4.88
2023-01-27,33.63,35.02,35.54,4.88
2023-01-28,33.63,35.02,35.54,4.88
2023-01-29,33.63,35.02,35.54,4.88
2023-01-30,34.26,35.66,36.18,4.88
2023-01-31,34.26,35.66,36.18,4.88
2023-02-01,34.26,35.66,36.18,5.4
2023-02-02,34.26,35.66,36.18,5.4
2023-02-03,34.26,35.66,36.18,5.4
2023-02-04,34.26,35.66,36.18,5.4
2023-02-05,34.26,35.66,36.18,5.4
2023-02-06,33.49,34.94,35.29,5.4
2023-02-07,33.49,34.94,35.29,5.4
2023-02-08,33.49,34.94,35.29,5.4
2023-02-09,33.49,34.94,35.29,5.4
2023-02-10,33.49,34.94,35.29,5.4
2023-02-11,33.49,34.94,35.29,5.4
2023-02-12,33.49,34.94,35.29,5.4
2023-02-13,32.74,34.23,33.54,5.4
2023-02-14,32.74,34.23,33.54,5.4
2023-02-15,32.74,34.23,33.54,5.4
2023-02-16,32.74,34.23,33.54,5.4
2023-02-17,32.74,34.23,33.54,5.4
2023-02-18,32.74,34.23,33.54,5.4
2023-02-19,32.74,34.23,33.54,5.4
2023-02-20,32.24,33.74,32.14,5.4
2023-02-21,32.24,33.74,32.14,5.4
2023-02-22,32.24,33.74,32.14,5.4
2023-02-23,32.24,33.74,32.14,5.4
2023-02-24,32.24,33.74,32.14,5.4
2023-02-25,32.24,33.74,32.14,5.4
2023-02-26,32.24,33.74,32.14,5.4
2023-02-27,31.84,33.33,31.11,5.4
2023-02-28,31.84,33.33,31.11,5.4
2023-03-01,31.84,33.33,31.11,5.4
2023-03-02,31.84,33.33,31.11,5.4
2023-03-03,31.84,33.33,31.11,5.4
2023-03-04,31.84,33.33,31.11,5.4
2023-03-05,31.84,33.33,31.11,5.4
2023-03-06,31.8,33.3,31.0,5.4
2023-03-07,31.8,33.3,31.0,5.4
2023-03-08,31.8,33.3,31.0,5.4
2023-03-09,31.8,33.3,31.0,5.4
2023-03-10,31.8,33.3,31.0,5.4
2023-03-11,31.8,33.3,31.0,5.4
2023-03-12,31.8,33.3,31.0,5.4
2023-03-13,32.18,33.77,31.01,5.4
2023-03-14,32.18,33.77,31.01,5.4
2023-03-15,32.18,33.77,31.01,5.4
2023-03-16,32.18,33.77,31.01,4.6
2023-03-17,32.18,33.77,31.01,4.6
2023-03-18,32.18,33.77,31.01,4.6
2023-03-19,32.18,33.77,31.01,4.6
2023-03-20,31.45,33.04,30.63,4.6
2023-03-21,31.45,33.04,30.63,4.6
2023-03-22,31.45,33.04,30.63,4.6
2023-03-23,31.45,33.04,30.63,4.6
2023-03-24,31.45,33.04,30.63,4.6
2023-03-25,31.45,33.04,30.63,4.6
2023-03-26,31.45,33.04,30.63,4.6
2023-03-27,31.88,33.49,30.01,4.6
2023-03-28,31.88,33.49,30.01,4.6
2023-03-29,31.88,33.49,30.01,4.6
2023-03-30,31.88,33.49,30.01,4.6
2023-03-31,31.88,33.49,30.01,4.6
2023-04-01,31.88,33.49,30.01,4.6
2023-04-02,31.88,33.49,30.01,4.6
2023-04-03,32.86,34.46,30.02,4.6
2023-04-04,32.86,34.46,30.02,4.6
2023-04-05,32.86,34.46,30.02,4.6
2023-04-06,32.86,34.46,30.02,4.6
2023-04-07,32.86,34.46,30.02,4.6
2023-04-08,32.86,34.46,30.02,4.6
2023-04-09,32.86,34.46,30.02,4.6
2023-04-10,33.4,34.99,30.0,4.6
2023-04-11,33.4,34.99,30.0,4.6
2023-04-12,33.4,34.99,30.0,4.6
2023-04-13,33.4,34.99,30.0,4.6
2023-04-14,33.4,34.99,30.0,4.6
2023-04-15,33.4,34.99,30.0,4.6
2023-04-16,33.4,34.99,30.0,4.6
2023-04-17,34.36,35.98,29.78,4.6
2023-04-18,34.36,35.98,29.78,4.6
2023-04-19,34.36,35.98,29.78,4.6
2023-04-20,34.36,35.98,29.78,4.6
2023-04-21,34.36,35.98,29.78,4.6
2023-04-22,34.36,35.98,29.78,4.6
2023-04-23,34.36,35.98,29.78,4.6
2023-04-24,34.31,35.91,29.32,4.6
2023-04-25,34.31,35.91,29.32,4.6
2023-04-26,34.31,35.91,29.32,4.6
2023-04-27,34.31,35.91,29.32,4.6
2023-04-28,34.31,35.91,29.32,4.6
2023-04-29,34.31,35.91,29.32,4.6
2023-04-30,34.31,35.91,29.32,4.6
2023-05-01,34.31,35.91,29.32,4.6
2023-05-02,33.46,35.08,28.43,4.6
2023-05-03,33.46,35.08,28.43,4.6
2023-05-04,33.46,35.08,28.43,4.6
2023-05-05,33.46,35.08,28.43,4.6
2023-05-06,33.46,35.08,28.43,4.6
2023-05-07,33.46,35.08,28.43,4.6
2023-05-08,32.8,34.31,27.68,4.6
2023-05-09,32.8,34.31,27.68,4.6
2023-05-10,32.8,34.31,27.68,4.6
2023-05-11,32.8,34.31,27.68,4.6
2023-05-12,32.8,34.31,27.68,4.6
2023-05-13,32.8,34.31,27.68,4.6
2023-05-14,32.8,34.31,27.68,4.6
2023-05-15,31.98,33.49,27.02,4.6
2023-05-16,31.98,33.49,27.02,4.6
2023-05-17,31.98,33.49,27.02,4.6
2023-05-18,31.98,33.49,27.02,4.6
2023-05-19,31.98,33.49,27.02,4.6
2023-05-20,31.98,33.49,27.02,4.6
2023-05-21,31.98,33.49,27.02,4.6
2023-05-22,31.97,33.35,27.01,4.6
2023-05-23,31.97,33.35,27.01,4.6
2023-05-24,31.97,33.35,27.01,4.6
2023-05-25,31.97,33.35,27.01,4.6
2023-05-26,31.97,33.35,27.01,4.6
2023-05-27,31.97,33.35,27.01,4.6
2023-05-28,31.97,33.35,27.01,4.6
2023-05-29,31.99,33.3,27.0,4.6
2023-05-30,31.99,33.3,27.0,4.6
2023-05-31,31.99,33.3,27.0,4.6
2023-06-01,31.99,33.3,27.0,4.6
2023-06-02,31.99,33.3,27.0,4.6
2023-06-03,31.99,33.3,27.0,4.6
2023-06-04,31.99,33.3,27.0,4.6
2023-06-05,31.97,33.3,26.56,4.6
2023-06-06,31.97,33.3,26.56,4.6
2023-06-07,31.97,33.3,26.56,4.6
2023-06-08,31.97,33.3,26.56,4.6
2023-06-09,31.97,33.3,26.56,4.6
2023-06-10,31.97,33.3,26.56,4.6
2023-06-11,31.97,33.3,26.56,4.6
2023-06-12,31.78,33.1,26.3,4.6
2023-06-13,31.78,33.1,26.3,4.6
2023-06-14,31.78,33.1,26.3,4.6
2023-06-15,31.78,33.1,26.3,4.6
2023-06-16,31.78,33.1,26.3,5.4
2023-06-17,31.78,33.1,26.3,5.4
2023-06-18,31.78,33.1,26.3,5.4
2023-06-19,31.79,33.08,26.25,5.4
2023-06-20,31.79,33.08,26.25,5.4
2023-06-21,31.79,33.08,26.25,5.4
2023-06-22,31.79,33.08,26.25,5.4
2023-06-23,31.79,33.08,26.25,5.4
2023-06-24,31.79,33.08,26.25,5.4
2023-06-25,31.79,33.08,26.25,5.4
2023-06-26,31.79,33.08,26.25,5.4
2023-06-27,32.66,34.16,27.0,5.4
2023-06-28,32.66,34.16,27.0,5.4
2023-06-29,32.66,34.16,27.0,5.4
2023-06-30,32.66,34.16,27.0,5.4
2023-07-01,32.66,34.16,27.0,5.4
2023-07-02,32.66,34.16,27.0,5.4
2023-07-03,32.66,34.16,27.0,5.4
2023-07-04,32.01,33.52,26.97,5.4
2023-07-05,32.01,33.52,26.97,5.4
2023-07-06,32.01,33.52,26.97,5.4
2023-07-07,32.01,33.52,26.97,5.4
2023-07-08,32.01,33.52,26.97,5.4
2023-07-09,32.01,33.52,26.97,5.4
2023-07-10,32.01,33.51,26.96,5.4
2023-07-11,32.01,33.51,26.96,5.4
2023-07-12,32.01,33.51,26.96,5.4
2023-07-13,32.01,33.51,26.96,5.4
2023-07-14,32.01,33.51,26.96,5.4
2023-07-15,32.01,33.51,26.96,5.4
2023-07-16,32.01,33.51,26.96,5.4
2023-07-17,32.28,33.78,27.47,5.4
2023-07-18,32.28,33.78,27.47,5.4
2023-07-19,32.28,33.78,27.47,5.4
2023-07-20,32.28,33.78,27.47,5.4
2023-07-21,32.28,33.78,27.47,5.4
2023-07-22,32.28,33.78,27.47,5.4
2023-07-23,32.28,33.78,27.47,5.4
2023-07-24,33.28,34.78,28.47,5.4
2023-07-25,33.28,34.78,28.47,5.4
2023-07-26,33.28,34.78,28.47,5.4
2023-07-27,33.28,34.78,28.47,5.4
2023-07-28,33.28,34.78,28.47,5.4
2023-07-29,33.28,34.78,28.47,5.4
2023-07-30,33.28,34.78,28.47,5.4
2023-07-31,34.77,36.28,29.68,5.4
2023-08-01,34.77,36.28,29.68,5.4
2023-08-02,34.77,36.28,29.68,5.4
2023-08-03,34.77,36.28,29.68,5.4
2023-08-04,34.77,36.28,29.68,5.4
2023-08-05,34.77,36.28,29.68,5.4
2023-08-06,34.77,36.28,29.68,5.4
2023-08-07,35.97,37.47,30.97,5.4
2023-08-08,35.97,37.47,30.97,5.4
2023-08-09,35.97,37.47,30.97,5.4
2023-08-10,35.97,37.47,30.97,5.4
2023-08-11,35.97,37.47,30.97,5.4
2023-08-12,35.97,37.47,30.97,5.4
2023-08-13,35.97,37.47,30.97,5.4
2023-08-14,35.97,37.47,31.89,5.4
2023-08-15,35.97,37.47,31.89,5.4
2023-08-16,35.97,37.47,31.89,5.4
2023-08-17,35.97,37.47,31.89,5.4
2023-08-18,35.97,37.47,31.89,5.4
2023-08-19,35.97,37.47,31.89,5.4
2023-08-20,35.97,37.47,31.89,5.4
2023-08-21,35.97,37.47,31.89,5.4
2023-08-22,35.66,37.16,31.65,5.4
2023-08-23,35.66,37.16,31.65,5.4
2023-08-24,35.66,37.16,31.65,5.4
2023-08-25,35.66,37.16,31.65,5.4
2023-08-26,35.66,37.16,31.65,5.4
2023-08-27,35.66,37.16,31.65,5.4
2023-08-28,35.76,37.26,32.9,5.4
2023-08-29,35.76,37.26,32.9,5.4
2023-08-30,35.76,37.26,32.9,5.4
2023-08-31,35.76,37.26,32.9,5.4
2023-09-01,35.76,37.26,32.9,5.4
2023-09-02,35.76,37.26,32.9,5.4
2023-09-03,35.76,37.26,32.9,5.4
2023-09-04,35.77,37.28,32.82,5.4
2023-09-05,35.77,37.28,32.82,5.4
2023-09-06,35.77,37.28,32.82,5.4
2023-09-07,35.77,37.28,32.82,5.4
2023-09-08,35.77,37.28,32.82,5.4
2023-09-09,35.77,37.28,32.82,5.4
2023-09-10,35.77,37.28,32.82,5.4
2023-09-11,35.42,36.91,32.52,5.4
2023-09-12,35.42,36.91,32.52,5.4
2023-09-13,35.42,36.91,32.52,5.4
2023-09-14,35.42,36.91,32.52,5.4
2023-09-15,35.42,36.91,32.52,5.4
2023-09-16,35.42,36.91,32.52,5.4
2023-09-17,35.42,36.91,32.52,5.4
2023-09-18,35.4,36.88,33.91,5.4
2023-09-19,35.4,36.88,33.91,5.4
2023-09-20,35.4,36.88,33.91,5.4
2023-09-21,35.4,36.88,33.91,5.4
2023-09-22,35.4,36.88,33.91,5.4
2023-09-23,35.4,36.88,33.91,5.4
2023-09-24,35.4,36.88,33.91,5.4
2023-09-25,35.82,37.31,34.6,5.4
2023-09-26,35.82,37.31,34.6,5.4
2023-09-27,35.82,37.31,34.6,5.4
2023-09-28,35.82,37.31,34.6,5.4
2023-09-29,35.82,37.31,34.6,5.4
2023-09-30,35.82,37.31,34.6,5.4
2023-10-01,35.82,37.31,34.6,5.4
2023-10-02,35.12,36.62,34.42,5.4
2023-10-03,35.12,36.62,34.42,5.4
2023-10-04,35.12,36.62,34.42,5.4
2023-10-05,35.12,36.62,34.42,5.4
2023-10-06,35.12,36.62,34.42,5.4
2023-10-07,35.12,36.62,34.42,5.4
2023-10-08,35.12,36.62,34.42,5.4
2023-10-09,34.16,35.66,33.96,5.4
2023-10-10,34.16,35.66,33.96,5.4
2023-10-11,34.16,35.66,33.96,5.4
2023-10-12,34.16,35.66,33.96,5.4
2023-10-13,34.16,35.66,33.96,5.4
2023-10-14,34.16,35.66,33.96,5.4
2023-10-15,34.16,35.66,33.96,5.4
2023-10-16,34.25,35.75,33.99,5.4
2023-10-17,34.25,35.75,33.99,5.4
2023-10-18,34.25,35.75,33.99,5.4
2023-10-19,34.25,35.75,33.99,5.4
2023-10-20,34.25,35.75,33.99,5.4
2023-10-21,34.25,35.75,33.99,5.4
2023-10-22,34.25,35.75,33.99,5.4
2023-10-23,33.83,35.33,33.41,5.4
2023-10-24,33.83,35.33,33.41,5.4
2023-10-25,33.83,35.33,33.41,5.4
2023-10-26,33.83,35.33,33.41,5.4
2023-10-27,33.83,35.33,33.41,5.4
2023-10-28,33.83,35.33,33.41,5.4
2023-10-29,33.83,35.33,33.41,5.4
2023-10-30,32.99,34.52,32.8,5.4
2023-10-31,32.99,34.52,32.8,5.4
2023-11-01,32.99,34.52,32.8,5.4
2023-11-02,32.99,34.52,32.8,5.4
2023-11-03,32.99,34.52,32.8,5.4
2023-11-04,32.99,34.52,32.8,5.4
2023-11-05,32.99,34.52,32.8,5.4
2023-11-06,31.28,32.79,32.31,5.4
2023-11-07,31.28,32.79,32.31,5.4
2023-11-08,31.28,32.79,32.31,5.4
2023-11-09,31.28,32.79,32.31,5.4
2023-11-10,31.28,32.79,32.31,5.4
2023-11-11,31.28,32.79,32.31,5.4
2023-11-12,31.28,32.79,32.31,5.4
2023-11-13,29.85,31.34,31.61,5.4
2023-11-14,29.85,31.34,31.61,5.4
2023-11-15,29.85,31.34,31.61,5.4
2023-11-16,29.85,31.34,31.61,5.4
2023-11-17,29.85,31.34,31.61,5.4
2023-11-18,29.85,31.34,31.61,5.4
2023-11-19,29.85,31.34,31.61,5.4
2023-11-20,28.52,29.99,30.58,5.4
2023-11-21,28.52,29.99,30.58,5.4
2023-11-22,28.52,29.99,30.58,5.4
2023-11-23,28.52,29.99,30.58,5.4
2023-11-24,28.52,29.99,30.58,5.4
2023-11-25,28.52,29.99,30.58,5.4
2023-11-26,28.52,29.99,30.58,5.4
2023-11-27,28.49,29.98,29.97,5.4
2023-11-28,28.49,29.98,29.97,5.4
2023-11-29,28.49,29.98,29.97,5.4
2023-11-30,28.49,29.98,29.97,5.4
2023-12-01,28.49,29.98,29.97,5.4
2023-12-02,28.49,29.98,29.97,5.4
2023-12-03,28.49,29.98,29.97,5.4
2023-12-04,28.49,29.98,29.97,5.4
2023-12-05,28.49,29.98,29.97,5.4
2023-12-06,28.49,29.98,29.97,5.4
2023-12-07,28.49,29.98,29.97,5.4
2023-12-08,28.49,29.98,29.97,5.4
2023-12-09,28.49,29.98,29.97,5.4
2023-12-10,28.49,29.98,29.97,5.4
2023-12-11,27.65,29.13,29.11,5.4
2023-12-12,27.65,29.13,29.11,5.4
2023-12-13,27.65,29.13,29.11,5.4
2023-12-14,27.65,29.13,29.11,5.4
2023-12-15,27.65,29.13,29.11,5.4
2023-12-16,27.65,29.13,29.11,5.4
2023-12-17,27.65,29.13,29.11,5.4
2023-12-18,27.15,28.65,28.62,4.6
2023-12-19,27.15,28.65,28.62,4.6
2023-12-20,27.15,28.65,28.62,4.6
2023-12-21,27.15,28.65,28.62,4.6
2023-12-22,27.15,28.65,28.62,4.6
2023-12-23,27.15,28.65,28.62,4.6
2023-12-24,27.15,28.65,28.62,4.6
2023-12-25,27.15,28.65,28.62,4.6
2023-12-26,27.15,28.65,28.62,4.6
2023-12-27,28.95,30.44,29.47,4.6
2023-12-28,28.95,30.44,29.47,4.6
2023-12-29,28.95,30.44,29.47,4.6
2023-12-30,28.95,30.44,29.47,4.6
2023-12-31,28.95,30.44,29.47,4.6
2024-01-01,28.95,30.44,29.47,4.6
2024-01-02,28.95,30.44,29.47,4.6
2024-01-03,28.97,30.47,29.48,4.6
2024-01-04,28.97,30.47,29.48,4.6
2024-01-05,28.97,30.47,29.48,4.6
2024-01-06,28.97,30.47,29.48,4.6
2024-01-07,28.97,30.47,29.48,4.6
2024-01-08,28.97,30.47,29.48,4.6
2024-01-09,28.97,30.47,29.48,4.6
2024-01-10,28.97,30.47,29.48,4.6
2024-01-11,28.97,30.47,29.48,4.6
2024-01-12,28.97,30.47,29.48,4.6
2024-01-13,28.97,30.47,29.48,4.6
2024-01-14,28.97,30.47,29.48,4.6
2024-01-15,28.79,30.29,28.55,4.6
2024-01-16,28.79,30.29,28.55,4.6
2024-01-17,28.79,30.29,28.55,4.6
2024-01-18,28.79,30.29,28.55,4.6
2024-01-19,28.79,30.29,28.55,4.6
2024-01-20,28.79,30.29,28.55,4.6
2024-01-21,28.79,30.29,28.55,4.6
2024-01-22,29.39,30.9,29.11,4.6
2024-01-23,29.39,30.9,29.11,4.6
2024-01-24,29.39,30.9,29.11,4.6
2024-01-25,29.39,30.9,29.11,4.6
2024-01-26,29.39,30.9,29.11,4.6
2024-01-27,29.39,30.9,29.11,4.6
2024-01-28,29.39,30.9,29.11,4.6
2024-01-29,29.48,30.97,29.19,4.6
2024-01-30,29.48,30.97,29.19,4.6
2024-01-31,29.48,30.97,29.19,4.6
2024-02-01,29.48,30.97,29.19,4.6
2024-02-02,29.48,30.97,29.19,4.6
2024-02-03,29.48,30.97,29.19,4.6
2024-02-04,29.48,30.97,29.19,4.6
2024-02-05,29.96,31.46,30.44,4.6
2024-02-06,29.96,31.46,30.44,4.6
2024-02-07,29.96,31.46,30.44,4.6
2024-02-08,29.96,31.46,30.44,4.6
2024-02-09,29.96,31.46,30.44,4.6
2024-02-10,29.96,31.46,30.44,4.6
2024-02-11,29.96,31.46,30.44,4.6
2024-02-12,29.97,31.47,30.47,4.6
2024-02-13,29.97,31.47,30.47,4.6
2024-02-14,29.97,31.47,30.47,4.6
2024-02-15,29.97,31.47,30.47,4.6
2024-02-16,29.97,31.47,30.47,4.6
2024-02-17,29.97,31.47,30.47,4.6
2024-02-18,29.97,31.47,30.47,4.6
2024-02-19,30.48,31.97,30.98,4.6
2024-02-20,30.48,31.97,30.98,4.6
2024-02-21,30.48,31.97,30.98,4.6
2024-02-22,30.48,31.97,30.98,4.6
2024-02-23,30.48,31.97,30.98,4.6
2024-02-24,30.48,31.97,30.98,4.6
2024-02-25,30.48,31.97,30.98,4.6
2024-02-26,30.95,32.45,30.97,4.6
2024-02-27,30.95,32.45,30.97,4.6
2024-02-28,30.95,32.45,30.97,4.6
2024-02-29,30.95,32.45,30.97,4.6
2024-03-01,30.95,32.45,30.97,4.6
2024-03-02,30.95,32.45,30.97,4.6
2024-03-03,30.95,32.45,30.97,4.6
2024-03-04,31.4,32.89,30.7,4.6
2024-03-05,31.4,32.89,30.7,4.6
2024-03-06,31.4,32.89,30.7,4.6
2024-03-07,31.4,32.89,30.7,4.6
2024-03-08,31.4,32.89,30.7,4.6
2024-03-09,31.4,32.89,30.7,4.6
2024-03-10,31.4,32.89,30.7,4.6
2024-03-11,31.92,33.42,30.15,4.6
2024-03-12,31.92,33.42,30.15,4.6
2024-03-13,31.92,33.42,30.15,4.6
2024-03-14,31.92,33.42,30.15,4.6
2024-03-15,31.92,33.42,30.15,4.6
2024-03-16,31.92,33.42,30.15,4.6
2024-03-17,31.92,33.42,30.15,4.6
2024-03-18,32.96,34.46,29.56,4.6
2024-03-19,32.96,34.46,29.56,4.6
2024-03-20,32.96,34.46,29.56,4.6
2024-03-21,32.96,34.46,29.56,4.6
2024-03-22,32.96,34.46,29.56,4.6
2024-03-23,32.96,34.46,29.56,4.6
2024-03-24,32.96,34.46,29.56,4.6
2024-03-25,33.4,34.95,29.48,4.6
2024-03-26,33.4,34.95,29.48,4.6
2024-03-27,33.4,34.95,29.48,4.6
2024-03-28,33.4,34.95,29.48,4.6
2024-03-29,33.4,34.95,29.48,4.6
2024-03-30,33.4,34.95,29.48,4.6
2024-03-31,33.4,34.95,29.48,4.6
2024-04-01,33.48,34.98,29.48,4.6
2024-04-02,33.48,34.98,29.48,4.6
2024-04-03,33.48,34.98,29.48,4.6
2024-04-04,33.48,34.98,29.48,4.6
2024-04-05,33.48,34.98,29.48,4.6
2024-04-06,33.48,34.98,29.48,4.6
2024-04-07,33.48,34.98,29.48,4.6
2024-04-08,34.14,35.64,30.21,4.6
2024-04-09,34.14,35.64,30.21,4.6
2024-04-10,34.14,35.64,30.21,4.6
2024-04-11,34.14,35.64,30.21,4.6
2024-04-12,34.14,35.64,30.21,4.6
2024-04-13,34.14,35.64,30.21,4.6
2024-04-14,34.14,35.64,30.21,4.6
2024-04-15,34.18,35.68,30.17,4.6
2024-04-16,34.18,35.68,30.17,4.6
2024-04-17,34.18,35.68,30.17,4.6
2024-04-18,34.18,35.68,30.17,4.6
2024-04-19,34.18,35.68,30.17,4.6
2024-04-20,34.18,35.68,30.17,4.6
2024-04-21,34.18,35.68,30.17,4.6
2024-04-22,33.67,35.17,29.81,4.6
2024-04-23,33.67,35.17,29.81,4.6
2024-04-24,33.67,35.17,29.81,4.6
2024-04-25,33.67,35.17,29.81,4.6
2024-04-26,33.67,35.17,29.81,4.6
2024-04-27,33.67,35.17,29.81,4.6
2024-04-28,33.67,35.17,29.81,4.6
2024-04-29,33.06,34.51,29.24,4.6
2024-04-30,33.06,34.51,29.24,4.6
2024-05-01,33.06,34.51,29.24,4.6
2024-05-02,33.06,34.51,29.24,4.6
2024-05-03,33.06,34.51,29.24,4.6
2024-05-04,33.06,34.51,29.24,4.6
2024-05-05,33.06,34.51,29.24,4.6
2024-05-06,32.67,34.17,28.86,4.6
2024-05-07,32.67,34.17,28.86,4.6
2024-05-08,32.67,34.17,28.86,4.6
2024-05-09,32.67,34.17,28.86,4.6
2024-05-10,32.67,34.17,28.86,4.6
2024-05-11,32.67,34.17,28.86,4.6
2024-05-12,32.67,34.17,28.86,4.6
2024-05-13,32.11,33.61,28.3,4.6
2024-05-14,32.11,33.61,28.3,4.6
2024-05-15,32.11,33.61,28.3,4.6
2024-05-16,32.11,33.61,28.3,4.6
2024-05-17,32.11,33.61,28.3,4.6
2024-05-18,32.11,33.61,28.3,4.6
2024-05-19,32.11,33.61,28.3,4.6
2024-05-20,31.51,33.01,27.88,4.6
2024-05-21,31.51,33.01,27.88,4.6
2024-05-22,31.51,33.01,27.88,4.6
2024-05-23,31.51,33.01,27.88,4.6
2024-05-24,31.51,33.01,27.88,4.6
2024-05-25,31.51,33.01,27.88,4.6
2024-05-26,31.51,33.01,27.88,4.6
2024-05-27,31.37,32.88,27.63,4.6
2024-05-28,31.37,32.88,27.63,4.6
2024-05-29,31.37,32.88,27.63,4.6
2024-05-30,31.37,32.88,27.63,4.6
2024-05-31,31.37,32.88,27.63,4.6
2024-06-01,31.37,32.88,27.63,4.6
2024-06-02,31.37,32.88,27.63,4.6
2024-06-03,31.01,32.51,27.31,4.6
2024-06-04,31.01,32.51,27.31,4.6
2024-06-05,31.01,32.51,27.31,4.6
2024-06-06,31.01,32.51,27.31,4.6
2024-06-07,31.01,32.51,27.31,4.6
2024-06-08,31.01,32.51,27.31,4.6
2024-06-09,31.01,32.51,27.31,4.6
2024-06-10,30.88,32.38,27.18,4.6
2024-06-11,30.88,32.38,27.18,4.6
2024-06-12,30.88,32.38,27.18,4.6
2024-06-13,30.88,32.38,27.18,4.6
2024-06-14,30.88,32.38,27.18,4.6
2024-06-15,30.88,32.38,27.18,4.6
2024-06-16,30.88,32.38,27.18,4.6
2024-06-17,30.88,32.38,27.56,4.6
2024-06-18,30.88,32.38,27.56,4.6
2024-06-19,30.88,32.38,27.56,4.6
2024-06-20,30.88,32.38,27.56,4.6
2024-06-21,30.88,32.38,27.56,4.6
2024-06-22,30.88,32.38,27.56,4.6
2024-06-23,30.88,32.38,27.56,4.6
2024-06-24,30.91,32.4,27.68,4.6
2024-06-25,30.91,32.4,27.68,4.4
2024-06-26,30.91,32.4,27.68,4.4
2024-06-27,30.91,32.4,27.68,4.4
2024-06-28,30.91,32.4,27.68,4.4
2024-06-29,30.91,32.4,27.68,4.4
2024-06-30,30.91,32.4,27.68,4.4
2024-07-01,30.91,32.4,27.68,4.4
2024-07-02,30.91,32.4,27.68,4.4
2024-07-03,31.17,32.67,28.53,4.4
2024-07-04,31.17,32.67,28.53,4.4
2024-07-05,31.17,32.67,28.53,4.4
2024-07-06,31.17,32.67,28.53,4.4
2024-07-07,31.17,32.67,28.53,4.4
2024-07-08,31.17,32.68,28.16,4.4
2024-07-09,31.17,32.68,28.16,4.4
2024-07-10,31.17,32.68,28.16,4.4
2024-07-11,31.17,32.68,28.16,4.4
2024-07-12,31.17,32.68,28.16,4.4
2024-07-13,31.17,32.68,28.16,4.4
2024-07-14,31.17,32.68,28.16,4.4
2024-07-15,31.73,33.23,28.55,4.4
2024-07-16,31.73,33.23,28.55,4.4
2024-07-17,31.73,33.23,28.55,4.4
2024-07-18,31.73,33.23,28.55,4.4
2024-07-19,31.73,33.23,28.55,4.4
2024-07-20,31.73,33.23,28.55,4.4
2024-07-21,31.73,33.23,28.55,4.4
2024-07-22,31.29,32.79,28.09,4.4
2024-07-23,31.29,32.79,28.09,4.4
2024-07-24,31.29,32.79,28.09,4.4
2024-07-25,31.29,32.79,28.09,4.4
2024-07-26,31.29,32.79,28.09,4.4
2024-07-27,31.29,32.79,28.09,4.4
2024-07-28,31.29,32.79,28.09,4.4
